<?xml version="1.0" encoding="UTF-8"?>
<project-private xmlns="http://www.netbeans.org/ns/project-private/1">
    <editor-bookmarks xmlns="http://www.netbeans.org/ns/editor-bookmarks/2" lastBookmarkId="0"/>
    <open-files xmlns="http://www.netbeans.org/ns/projectui-open-files/2">
        <group>
            <file>file:/C:/Users/victo/Documents/NetBeansProjects/P1_S2_DS/src/Banca/FactoriaCuentaEmpresa.java</file>
            <file>file:/C:/Users/victo/Documents/NetBeansProjects/P1_S2_DS/src/Banca/FactoriaCuentaJoven.java</file>
            <file>file:/C:/Users/victo/Documents/NetBeansProjects/P1_S2_DS/src/Banca/Prestamo.java</file>
            <file>file:/C:/Users/victo/Documents/NetBeansProjects/P1_S2_DS/src/Banca/CuentaBancaria.java</file>
            <file>file:/C:/Users/victo/Documents/NetBeansProjects/P1_S2_DS/src/Banca/PrestamoEmpresas.java</file>
            <file>file:/C:/Users/victo/Documents/NetBeansProjects/P1_S2_DS/src/Banca/Cliente.java</file>
            <file>file:/C:/Users/victo/Documents/NetBeansProjects/P1_S2_DS/src/Banca/PrestamoEstudios.java</file>
            <file>file:/C:/Users/victo/Documents/NetBeansProjects/P1_S2_DS/src/Banca/CuentaCorriente.java</file>
            <file>file:/C:/Users/victo/Documents/NetBeansProjects/P1_S2_DS/src/Banca/CuentaAhorros.java</file>
            <file>file:/C:/Users/victo/Documents/NetBeansProjects/P1_S2_DS/src/Banca/FactoriaBancaria.java</file>
        </group>
    </open-files>
</project-private>
