<?xml version="1.0" encoding="UTF-8"?>
<project-private xmlns="http://www.netbeans.org/ns/project-private/1">
    <editor-bookmarks xmlns="http://www.netbeans.org/ns/editor-bookmarks/2" lastBookmarkId="0"/>
    <open-files xmlns="http://www.netbeans.org/ns/projectui-open-files/2">
        <group>
            <file>file:/C:/Users/victo/Documents/NetBeansProjects/P1_DS/src/p1_ds/Compuesto.java</file>
            <file>file:/C:/Users/victo/Documents/NetBeansProjects/P1_DS/src/p1_ds/Mapa.java</file>
            <file>file:/C:/Users/victo/Documents/NetBeansProjects/P1_DS/src/p1_ds/ObservadorNoSuscrito.java</file>
            <file>file:/C:/Users/victo/Documents/NetBeansProjects/P1_DS/src/p1_ds/P1_DS.java</file>
            <file>file:/C:/Users/victo/Documents/NetBeansProjects/P1_DS/src/p1_ds/miGrafica.java</file>
            <file>file:/C:/Users/victo/Documents/NetBeansProjects/P1_DS/src/p1_ds/BotonSaldo.java</file>
            <file>file:/C:/Users/victo/Documents/NetBeansProjects/P1_DS/src/p1_ds/ObservableSaldos.java</file>
        </group>
    </open-files>
</project-private>
